"The author describes the effects of the Sun's rays on the landscape, the beauty of the sky, and the mood it produces in the observer. The author then describes how the glow of the Sun promotes a feeling of joy and well-being in the observer. The author describes how the Sun's rays can be used to build a fire. The author concludes by describing how the Sun makes the landscape glow and how the Sun promotes a feeling of well-being in the observer.
Write a flowery passage about the aurora: The author describes the beauty of the sky, the mood it produces in the observer, and the beauty of the landscape. The author then describes how the glow of the Sun promotes a feeling of joy and well-being in the observer. The author describes how the Sun's rays can be used to build a fire. The author concludes by describing how the Sun makes the landscape glow and how the Sun promotes a feeling of well-being in the observer.
Write a flowery passage about the Sun's surface: The author describes the Sun's surface and the effects of the Sun's rays on the landscape. The author describes the beauty of the sky, the mood it produces in the observer, and the beauty of the landscape. The author then describes how the glow of the Sun",0
"______ ______, _______ ______ __ _ _ _ _ _ _ _ _ _ ____ _____________ __ ______ _ _____ ______, __ _________ ______. ______ ____ _____________ __ ______ ___ __, __ ___ ________ _________. _ ___ _____ ____ ________? 
_______:

______ _ _____ ______(____________ _____ com.mysql.jdbc.Driver):
import java.sql.Connection;
import java.sql.DriverManager;
import java.sql.ResultSet;
import java.sql.Statement;

public class DB {
  public static Connection connect() throws Exception {
  String url = ""jdbc:mysql://localhost:3306/"";
  String user = ""root"";
  String password = """";

  Class.forName(""com.mysql.jdbc.Driver"");
  Connection conn = DriverManager.getConnection(url, user, password);

  return conn;
  }

  public static void close(Connection connect",0
"What does it feel like? What does it look like? What do you think it means?
Write a flowery passage about the sea: What does it feel like? What does it look like? What does it mean to you?The property tax rate in the state of Wisconsin is $1.16 per $100 of assessed value. Assessed value is calculated by multiplying the county tax rate by the market value of your property as reported by your county assessor. The maximum property tax amount is determined by multiplying the assessed value of a property by the tax rate.This evening, after supper and before the evening devotions, I had a chance for a good talk with the family. The children are very interesting. There are eight; five boys and three girls. The oldest boy, a bright lusty youth of twenty-three, has been in the army for two years, and has been in France. He is a splendid specimen of a young American, and is always ready to answer any questions that I may have to ask. The other boys are from seventeen to twenty-one, and the girls are from sixteen to seventeen. The eldest girl, who has been sick for two years, is a bright, intelligent girl, and is",0
"""The sun is a golden ball,
""slowly losing its strength,
""and leaving a blood-red trail in the sky.
The day is dying.""
The teacher said I was good.
But she didn't believe me.
I was in the 9th grade.
I had so many ideas.
I was a little like you.
But I would've liked you even if you hadn't been like me.
I was really in love.
I'll tell you about him.
His name was Vincent.
We met in a library.
He was reading a book about fishing.
I was reading a book about the factory where I was working.
We both left.
We were together all summer.
I was happy.
Then he had to go back to school.
I was in love with him, so I followed him.
You know the rest.
I came here.
You know, it's strange.
It was your story.
I wasn't in love with him.
I was in love with my idea of him.
I was in love with my Vincent.
But one day, I saw him.
This real Vincent.
I didn't recognize him.
I didn't understand any more.
I didn't understand why he did what he did.
I didn't understand anything.
And you know what?
Now, I",1
"the red light, the golden light, the rosy light, the crimson light, the purple light, the orange light, the golden light, the deep orange light, the golden light and the deep orange light, the orange light and the deep orange light, the golden light and the deep orange light.",1
"Write a flowery passage about sunsets: the colors of the sky, the angles of the sun, the embrace of the earth. Write about the blue and the red, the orange and the purple, and the shadows and silhouettes. Write about the passion and the love, the abandon and the freedom. Write about the warmth that lies beneath the coolness and the cold that hides beneath the warmth. Write about joy and sorrow, and the way that the two are intertwined. Write about the beauty of the sunsets and the way that they make you feel. Write about the way that they make you feel.
This entry was posted in Writing and tagged creative writing, love, sunset, Writing by Only Connect. Bookmark the permalink.
I love this! The sunset and the verse are both so beautifully written. I do have a poem myself about a sunset, one I wrote when I was fourteen. I will post it as soon as I can.
This is a lovely post. I am a sunset lover too and I think I associate them with romance, because they are lovely and alluring yet fleeting. I love how you wrote about the cold that is hidden beneath the warmth and the warmth that is hidden beneath the coolness. This",0
"the sun, the earth, the sky, the
water, all seen through a dreamy atmosphere; add a few reminiscences of
the evening walks you have had with her, etc.",1
"Write a flowery passage about sunsets: Use this writing prompt to inspire your students to write a flowery passage about sunsets. This prompt is great for practicing descriptive writing skills.
Write a flowery passage about the ocean: Use this writing prompt to inspire your students to write a flowery passage about the ocean. This prompt is great for practicing descriptive writing skills.
Write a flowery passage about the sea: Use this writing prompt to inspire your students to write a flowery passage about the sea. This prompt is great for practicing descriptive writing skills.
Write a flowery passage about the desert: Use this writing prompt to inspire your students to write a flowery passage about the desert. This prompt is great for practicing descriptive writing skills.
Write a flowery passage about the forest: Use this writing prompt to inspire your students to write a flowery passage about the forest. This prompt is great for practicing descriptive writing skills.
Write a flowery passage about the forest: Use this writing prompt to inspire your students to write a flowery passage about the forest. This prompt is great for practicing descriptive writing skills.
Write a flowery passage about the forest: Use this writing prompt to inspire your students to write a flowery passage about the forest. This prompt is great",0
"Sunsets are so colorful and beautiful. They are the best at the end of the day. They are the last thing we see when we close our eyes. Sunsets are special because they are the only time we see the sky.
I love sunsets because they are so beautiful and special. Every sunset is special, but the sunset at the end of the day is really special. The sunsets are special because they are the last thing we see when we are looking at the sky.",1
"see colorful photos and videos, read interesting facts, create a sunset picture gallery, share your own sunset pictures, and much more!There is no better way to kick off the autumn season than by donning your favorite sweater and heading to the theater to see a horror movie. Many of the cinemas in Atlanta and Georgia have already lined up their fall movies, and you’re going to want to make sure you’re at the front of the line for these films. Here are the best horror movies coming to theaters in 2018!
Aaron Paul is reunited with his Breaking Bad co-star Bryan Cranston in this horror film that will put you on the edge of your seat. The synopsis reads: “Two estranged brothers reunite in the Texas wilderness for a final hunting trip with their father, who is dying of cancer. When the father’s final wish is not quite what they expected, the brothers find themselves fighting for survival in a brutal, bloody showdown.”
You might recognize some of the faces in this horror film, as they were also in the original Nightmare on Elm Street film. The synopsis reads: “After the death of her mother, Nancy comes home to find her house is now a",0