"“They have so many funny things, that I can’t get enough of them.”",1
"She is my queen. Unless, of course, you count my kids, my wife, or my dog. She is the reason I get up in the morning, and the reason I go to bed at night. I can often be found staring at her, lost in the beauty of her face, dreaming about the smell of her hair, and the sound of her voice. I wish I could explain what she means to me in just a few words, but I don't think I will ever be able to say it all. She is my everything.",1
"What are the most romantic things you could do to the object of your love? How would you describe your perfect love? How would you explain romantic love?
Write a humorous story in the form of a dialogue between two characters who are talking about love. The dialogue should be in the past tense.
Write a novel about your own love story. Begin the story when you first meet the love of your life. Then write the story of your relationship in the present tense. You may use the dialogue technique to write your story.In a statement, the minister said that the implementation of the new import system would help the government withstand the pressure on foreign exchange.Are you a professional or amateur photographer? You may not have the time to devote to a full-time career in photography, but you still want to make some money off your passion. Sure, you always have the option of selling prints in a gallery to friends and family. But there’s a much bigger market out there. And it’s easier to reach when you use the Internet.
Most photographers already know about the benefits of selling their photographs online. Using an auction site like eBay can be an excellent way to make money. But just listing your photos on an auction site isn’t",0
"write a humorous passage about love and describe your ideal love. You can use your own ideas or the words and ideas of the author of the story. You can also add your own words or ideas to the passage. The passage must be at least 100 words, but no more than 250 words. Write a passage that will show your love style.
Write a humorous passage about a child: write a humorous passage about a child. The topic can be anything you want, but remember that the passage must be at least 100 words, but no more than 250 words. You can use ideas from the story or use your own ideas and words. Write a passage that will show your humor style.
Write a humorous passage about a student: write a humorous passage about a student. The topic can be anything you want, but remember that the passage must be at least 100 words, but no more than 250 words. You can use ideas from the story or use your own ideas and words. Write a passage that will show your humor style.
The Silk Route is the oldest trade route in the world and it was established in the 1st century BC. It connected the East and the West of the world. It was used by many empires and",0
"“When a man and woman get married, they are like two hammers hitting a nail. There is a sound made, but no progress made.” – Dave Barry",1
"Meet with the first two numbers of the same type. That is, the first two digits dredgens
digits digits digits digits digits digits digits english englishmen englishmen. EngrceivingQ:

_______, _______ _________ ______ _ ___ - ______________ ______ - _______________ ______ - ___________ ______ - ___________ ________ - ___________ ________ _______________ ________ ___________ ________ ___________ ________ ___________ ________ ___________ ________ ___________ ________ ___________ ________ ___________ ___________ _______________ ________ ___________ ___________ ___________ ___________ ___________ ___________ ___________ ___________ ___________ ___________ __________",0
"She was fl fl fl fl fl fl fl fl fl flacon pompe de 100 ml - Prix : Pour Pour Prix Prix Prix Prix Prix Prix Prix Prix Prix Prix Prix Prix Prix Prix Prix Prix Prix Prix Prix Prix Prix Prix Prix Prix Prix Prix Prix Prix Prix Prix Prix Prix Prix Prix Prix Prix Prix Prix Prix Prix Prix Prix Prix Prix Prix Prix Prix Prix Prix Prix Prix Prix Prix Prix Prix Prix Prix Prix Prix Prix Prix Prix Prix Prix Prix Prix Prix Prix Prix Prix Prix Prix Prix Prix Prix Prix Prix Prix Prix Prix Prix Prix Prix Prix Prix Prix Prix Prix Prix Prix Prix Prix Prix Prix Prix Prix Prix Prix Prix Prix Prix Prix Prix Prix Prix Prix Prix Prix Prix Prix Prix Prix Prix Prix Prix Prix Prix Prix Prix Prix Prix Prix Prix Prix Prix Prix Prix Prix Prix Prix Prix Prix Prix Prix Prix Prix Prix Prix Prix Prix Prix Prix Prix Prix Prix Prix Prix Prix Prix Prix Prix Prix Prix Prix Prix Prix Prix Prix Prix Prix Prix Prix Prix Prix Prix Prix Prix Prix Prix Prix Prix Prix Prix Prix Prix Prix Prix Prix Prix Prix Prix Prix Prix Prix Prix Prix Prix Prix Prix Prix Prix Prix Prix Prix, dans le respect des mesures sanitaires, en présence de Mme Lamisse Slaoui, Directrice de la Maison du Tourisme de la Wallonie picar",0
"I would like to hire an unskilled worker for 10 hours of work every week for 6 weeks. Write a letter to Hiring Manager of this company explaining the purpose of the job and how the selected person will benefit from the job.
I need to write a letter of application for a job as a teacher assistant. I am applying for the job because I am a qualified teacher and I am willing to work as an assistant to help the teacher to improve the students' performance in the class. How to write the letter of application for the job?
I have to write a letter to the Hiring Manager of a company to apply for a job. I need to write a personal statement about why I should be hired. I need to write about my educational and work experience, skills and a little about my hobbies.
How to write a personal statement for a job as a personal assistant? I have to write a personal statement about why I should be hired. I need to write about my educational and work experience, skills and a little about my hobbies.
I need to write a letter to the Hiring Manager of a company to apply for a job. I need to write a personal statement about why I should be hired. I need to write",0
"My beloved, I'm here and I'm here to stay.
  I know you're not happy but that is not my fault.
  I know you don't want me but I don't care.
  I know you want to leave me but you can't.
  I know you hate me but I don't care.
  I know it hurts you but I don't care.
  I know you want to break up but you can't.
  I know you love me but you don't know it.
  I know you want me to leave but you can't.
  I know you want me to stay but you can't.
  I know you want me to stay but you can't.
  I know you want me to stay but you can't.
  I know you want to break up but you can't.
  I know you want to break up but you can't.",1
"Write a humorous passage about love: to be used as a press release for a new dating service. The person re-publishing this article will be held financially responsible for any damages incurred to any of the applicants for this service. All successful applicants will be guaranteed a date for the new year.The ""beautiful"" thing about the Bible is that it teaches God's love, and God is love. If God is love, He cannot be the author of death but only the author of life.It was a shame that there were no pictures of the pillows. The pillows were really nice. They are made of 100% cotton and were machine washable. I am really pleased with them as they are well made and very soft.
So glad you like the pillows! They are machine washable and very soft! I will put in pics of the pillows soon! Thanks!
All that is left to do now is to get some new sheets for the boys and to order a new bed for the Princess!
So cute! What a great project! I love it! I have a question about the cushion covers. Did you sew them on or use Velcro? And what size pillow do you use? Thanks for the great tutorial!",0