"“My mother always said that the most terrifying moment in her life was when my father walked into the room. She was six months pregnant by him, and you could see the fear in her eyes.”",1
"the ultimate sacrifice takes place in the name of love, the ultimate sacrifice takes place in the name of love.
The love of god is a love that can never be destroyed or lost, the love of god is a love that can never be destroyed or lost.
God loves us all, no matter what we do, god loves us all, no matter what we do.
God loves you, even if you disbelieve in him, god loves you, even if you disbelieve in him.
His love is so powerful, it can even reach those who do not believe in him, his love is so powerful, it can even reach those who do not believe in him.
No matter what you do, no matter where you go, god will always be there for you, no matter what you do, no matter where you go, god will always be there for you.
He will never leave you or forsake you, he will never leave you or forsake you.
His love is so powerful that even god himself cannot destroy it, his love is so powerful that even god himself cannot destroy it.
It is a love that can never be bought or sold, it is a love that can never be bought or sold.",1
"What is the meaning of this sentence, ""I'm sorry, I have to go to a friend's','s','s','s','s','s','s','s','s','s','s','s','s','s','s','s','s','s','s','s','s','s','s','s','s','s','s','s','s','s','s','s','s','s','s','s','s','s','s','s','s','s','s','s','s','s','s','s','s','s','s','s','s','s','s','s','s','s','s','s','s','s','s','s','s','s','s','s','s','s','s','s','s','s','s','s','s',",0
"Please write a passage that makes the reader feel yearning:
Write a passage that makes the reader feel regretful:
Write a passage that makes the reader feel furious:
Write a passage that makes the reader feel anxious:
Write a passage that makes the reader feel hopeful:
Write a passage that makes the reader feel sad:
Write a passage that makes the reader feel disgusted:
Write a passage that makes the reader feel relieved:
Write a passage that makes the reader feel indifferent:
Write a passage that makes the reader feel anxious:
Write a passage that makes the reader feel anxious:
Write a passage that makes the reader feel angry:
Write a passage that makes the reader feel fearful:
Write a passage that makes the reader feel hopeless:
Write a passage that makes the reader feel cheerful:
Write a passage that makes the reader feel aroused:
Write a passage that makes the reader feel nostalgic:
Write a passage that makes the reader feel sad:
Write a passage that makes the reader feel melancholy:
Write a passage that makes the reader feel disappointed:
Write a passage that makes the reader feel alarmed:
Write a",0
"A:

Like________“_______________,____,____,____,____,____,____,____,____,,,,,,,
,,,,,,,,,,,,,,,,,,,,,,,,,,,,,,,,,,,,,,,,,,,,,,,,,,,,,,,,,,,,,,,,,,,,,,,,,,,,,,,,,,,,,,,,,,,,,,,,,,,,,,,,,,,,,,,,,,,,,,,,,,,,,
,,,,,,,,,,,,,,,,,,,,,,,,,,,,,,,,,,,,,,,,,,,,,,,,,,,,,,,,,,,
,,,,,,,,,,,,,,,,,,,,,,,,,,,,,,,,,,,,,,,,,,,,,,,,,,,,,,,,,,,,,,,,,,,,,,,,,,,,,,,,,,,,,,,,,,,,,,,,,,,,,,,,,,,,,,,,,,,,,,,,,,,,,,
,,,,,,,,,,,,,,,,,,,,,,,,,,,,,,,,,,,,,,,,,,,,,,,,,,,,,,,,,,,,,,,,,,,,,,,,,,,,,,,,,,,,,,,,,,,,,,,,,,,,,,,,,,,,,,,,,,,,,,,,,,
,,,,,,,,,,,,,,,,,,,,,,,,,,,,,,,,,,,,,,,,,,,,,,,,,,,,,,,,,,,,,,,,,,,,,,,,,,,,,,,,,,,,,,,,,,,,,,,,,,,,,,,,,,,,,,,,,,,,,,,,,,,,,,,,,
,,,,,,,,,,,,,,,,,,,,,,,,,,,,,,,,,,,,,,,,,,,,,,,,,,,,,,,,,,,,,,,,,,,,,,,,,,,,,,,,,,,,,,,,,,,,,,,,,,,,,,,,,,,,,,,,,
,,,,,,,,,,,,,,,,,,,,",0
"fear of loneliness, or of the unknown, or of loss.“My only goal is to be the best player I can be, contribute to the team, and help them win as many games as we can,” said the 6-foot-5, 225-pound man with a great deal of versatility. “If that means staying at one position, I’ll do that. If it means moving around, I’ll do that. Whatever it takes to help win games. I’ll do everything I can to be the best player I can be.”
That statement, coming from a player who has been with the team for a year and a half, is a powerful one. And he doesn’t just say it. He lives it.
“He is very impressive,” said head coach Steve Addazio. “He has excellent work ethic. He’s a very competitive athlete. He’s a great teammate. I’m very proud of him.”
The early returns suggest that he will serve the team well. He’s a switch hitter who plays first base, shortstop, third base and right field. That’s a lot of versatility for a player in his first year in college. He’s",0
"Write a passage passage passage passage passage passage passage passage passage passage passage passage passage de la frontière.A lo largo de la historia se ha escrito mucho sobre la guerra del Peloponeso, la última guerra declarada entre las polis griegas, y sus efectos en la civilización occidental. Pero hasta ahora no se había analizado el papel que esta guerra tuvo para la historia de la ciencia: por un lado, la guerra tuvo un efecto positivo en la expansión de la ciencia, pero por otro lado su destructividad hizo que la ciencia griega se perdiera para siempre.
La guerra del Peloponeso fue una guerra entre Atenas y Esparta, que se desarrolló entre los años 431 a.C. y 404 a.C., y en la que se enfrentaron el resto de polis griegas. Durante esta guerra el desarrollo científico y tecnológico se paralizó, pero la guerra también tuvo un efecto positivo, ya que se luchó en las fronteras de Grecia y esto permitió a muchos científicos griegos viajar a Egipto y Mesopotamia, donde aprendieron matemáticas y astronomía.
«Es probable que esta guerra haya tenido un efecto positivo en el desarrollo de la ciencia, ya que el conflicto entre las polis griegas permitió que muchos científicos gr",0
"""When they came to the place called Calvary, there they crucified him, and the criminals, one on his right and one on his left. Now Jesus said, 'Father, forgive them; for they know not what they do.' They divided his garments among them by casting lots.... When the centurion, who stood facing him, saw that he had died, he said, 'Surely this man was the Son of God!'""",1
"Her face was like a rose, and her eyes were like the blue sky, and her hair was like the golden rain.
She was beautiful. I didn't dare to tell her how I felt.",1
"write a passage that includes all the elements of fear such as darkness, silence, and uncertainty.
Write:
http://www.hansard.org/
http://www.hansard.org/
http://www.hansard.org/
http://www.hansard.org/
http://www.hansard.org/
http://www.hansard.org/
http://www.hansard.org/
http://www.hansard.org/
http://www.hansard.org/
http://www.hansard.org/
http://www.hansard.org/
http://www.hansard.org/
http://www.hansard.org/
http://www.hansard.org/
http://www.hansard.org/
http://www.hansard.org/
http://www.hansard.org/
http://www.hansard.org/
http://www.hansard.org/
http://www.hansard.org/
http://www.hansard.org/
http://www.hansard.org/
http://www.hansard.org/
http://www.hansard.org/
http://www.hansard.org/
http://www.hansard.org/
http://www.hansard.org/
http://www.hansard.org/
http://www.hans",0