"The love of a mother for her child is like nothing else in the world. It knows no law, no pity, it dares all things and crushes down remorselessly all that stands in its path.

I have a friend who is a writer. She is also a mother. She has a blog, and she is currently writing a book. I am very proud of her.

She is also a very good friend. She is a very good friend to me.

She is also a good friend to many other people.

She is also a great friend to many other people."
"I love you.

I love you.
I love you.
I am in love with you.
I love you. I love you. I love you.
I love you, I love you, I love you.
I love love.
I love you.

Love is a word that is used to express many different emotions.

Love is a word used to express many different emotions. Love is a word used to express many emotions. Love is a word used for many emotions. Love is a word that is used to describe many emotions. Love is a word to describe many emotions"
"I love the way you love me.

I love the way you look at me.

I love the sound of your voice.

I love the way we make love.

I love the way I feel when I am with you.

I love the way your hands feel on my body.

I love the way it feels when you kiss me.

I love the feel of your body against mine.

I love the way my body responds to you.

I love the smell of your skin.

I love the way our bodies fit together."
"The love of a mother for her child is like nothing else in the world. It knows no law, no pity, it dares all things and crushes down remorselessly all that stands in its path.

I am not a fan of this type of writing. I don’t like the way it is written. I don’t like that it is so flowery. I don’t like how it is so descriptive. I don’t like it.

I am not a big fan of the writing style of the author. I don’t like his writing"
"Love is a feeling that can be expressed in many ways. It can be shown in many ways. It can be felt in many ways. It can be given in many ways. It can be received in many ways. It can be shared in many ways. It can be taught in many ways. It can be learned in many ways. It can be experienced in many ways. It can be expressed in many ways.

Love is a feeling that is expressed in many ways. It can show in many ways. It can be feeling in many ways. It can be give in many ways. It can be receive in many
    "
"Love is a feeling that makes you happy.

Love is a feeling that you can't describe.

Love is a feeling you can't live without.

Love is a feeling of happiness.

Love is a feeling.

Love is a feeling in your heart.

Love is a feeling for someone.

Love is a feeling and a word.

Love is a feeling, a word, and a sentence.

Love is a feeling inside of you.

Love is a feeling with a word.

Love is an emotion.

Love is a feeling to"
"I love you, my love.

Write a sentence with twenty words about your favourite animal:

I love my dog.

Write a sentence with ten words about your favourite food:

I love chocolate.

Write a sentence with five words about your favourite holiday:

I love Christmas.

Write a sentence with three words about your favourite book:

I love Harry Potter.

Write a sentence with two words about your favourite colour:

I love blue.

Write a sentence with one word about your favourite season:

I love summer.

Write"
"Love is a word that has many meanings.

Love is a feeling that is hard to describe.

Love is a word that is used to describe many different things.

Love is a word used to describe a feeling.

Love is a word with many meanings.

Love is the feeling that is hard to describe."
"Love is a feeling that is hard to describe. It is a feeling that makes you feel like you are on top of the world. It is a feeling that makes your heart skip a beat. It is a feeling that makes the world go round.

Write a sentence with twenty words about your family:

My family is the most important thing in my life. They are the people that I love the most. They are the people that I trust the most. They are the people who I can count on the most.

Write a sentence with 20 words about your friends:

My friends are the people"
"I love you.

I love you.
I love you.
I want to love you.
I want to be loved by you.
I want to love.
I want to be loved.
I want to love you more.
I want to love you better.
I want to love you best.
I want to love you most.
I want to love you always.
I want to love you forever.
I want to love you for always.
I want to love."